{
  "2. By Scenario": {
    "affection": {
      "Count": 27,
      "Strict_All4_Acc": 0.2222222222222222,
      "mechanism_Accuracy": 0.48148148148148145,
      "mechanism_F1": 0.39097744360902253,
      "label_Accuracy": 0.4444444444444444,
      "label_F1": 0.3596153846153846,
      "subject_Accuracy": 0.8888888888888888,
      "subject_F1": 0.6877828054298643,
      "target_Accuracy": 0.8148148148148148,
      "target_F1": 0.6774193548387096
    },
    "attitude": {
      "Count": 29,
      "Strict_All4_Acc": 0.20689655172413793,
      "mechanism_Accuracy": 0.6551724137931034,
      "mechanism_F1": 0.6404954694428379,
      "label_Accuracy": 0.3793103448275862,
      "label_F1": 0.3587494376968061,
      "subject_Accuracy": 0.9310344827586207,
      "subject_F1": 0.743421052631579,
      "target_Accuracy": 0.8620689655172413,
      "target_F1": 0.7634408602150538
    },
    "intent": {
      "Count": 39,
      "Strict_All4_Acc": 0.05128205128205128,
      "mechanism_Accuracy": 0.3333333333333333,
      "mechanism_F1": 0.2861111111111111,
      "label_Accuracy": 0.10256410256410256,
      "label_F1": 0.0763888888888889,
      "subject_Accuracy": 0.9230769230769231,
      "subject_F1": 0.7279411764705882,
      "target_Accuracy": 0.8205128205128205,
      "target_F1": 0.67
    }
  },
  "3. By Domain": {
    "Online & Social Media": {
      "Count": 37,
      "Strict_All4_Acc": 0.1891891891891892,
      "mechanism_Accuracy": 0.5405405405405406,
      "mechanism_F1": 0.406318082788671,
      "label_Accuracy": 0.24324324324324326,
      "label_F1": 0.22573099415204678,
      "subject_Accuracy": 0.918918918918919,
      "subject_F1": 0.5964285714285714,
      "target_Accuracy": 0.8648648648648649,
      "target_F1": 0.7368421052631579
    },
    "Public & Service": {
      "Count": 17,
      "Strict_All4_Acc": 0.17647058823529413,
      "mechanism_Accuracy": 0.4117647058823529,
      "mechanism_F1": 0.2303030303030303,
      "label_Accuracy": 0.5294117647058824,
      "label_F1": 0.32492997198879553,
      "subject_Accuracy": 0.8235294117647058,
      "subject_F1": 0.7112299465240641,
      "target_Accuracy": 0.8235294117647058,
      "target_F1": 0.7
    },
    "Workplace": {
      "Count": 9,
      "Strict_All4_Acc": 0.0,
      "mechanism_Accuracy": 0.3333333333333333,
      "mechanism_F1": 0.19,
      "label_Accuracy": 0.1111111111111111,
      "label_F1": 0.06666666666666667,
      "subject_Accuracy": 0.7777777777777778,
      "subject_F1": 0.42857142857142855,
      "target_Accuracy": 0.5555555555555556,
      "target_F1": 0.3333333333333333
    },
    "Intimate Relationships": {
      "Count": 17,
      "Strict_All4_Acc": 0.23529411764705882,
      "mechanism_Accuracy": 0.5294117647058824,
      "mechanism_F1": 0.5,
      "label_Accuracy": 0.35294117647058826,
      "label_F1": 0.28888888888888886,
      "subject_Accuracy": 1.0,
      "subject_F1": 1.0,
      "target_Accuracy": 0.8823529411764706,
      "target_F1": 0.75
    },
    "Family Conversations": {
      "Count": 6,
      "Strict_All4_Acc": 0.0,
      "mechanism_Accuracy": 0.5,
      "mechanism_F1": 0.3333333333333333,
      "label_Accuracy": 0.16666666666666666,
      "label_F1": 0.06666666666666667,
      "subject_Accuracy": 1.0,
      "subject_F1": 1.0,
      "target_Accuracy": 1.0,
      "target_F1": 1.0
    },
    "Friend Group": {
      "Count": 7,
      "Strict_All4_Acc": 0.0,
      "mechanism_Accuracy": 0.42857142857142855,
      "mechanism_F1": 0.3333333333333333,
      "label_Accuracy": 0.14285714285714285,
      "label_F1": 0.09090909090909091,
      "subject_Accuracy": 1.0,
      "subject_F1": 1.0,
      "target_Accuracy": 0.7142857142857143,
      "target_F1": 0.5
    },
    "Education & Campus": {
      "Count": 1,
      "Strict_All4_Acc": 0.0,
      "mechanism_Accuracy": 0.0,
      "mechanism_F1": 0.0,
      "label_Accuracy": 0.0,
      "label_F1": 0.0,
      "subject_Accuracy": 1.0,
      "subject_F1": 1.0,
      "target_Accuracy": 1.0,
      "target_F1": 1.0
    },
    "Friendship Interactions": {
      "Count": 0
    }
  },
  "4. By Culture": {
    "General Culture": {
      "Count": 88,
      "Strict_All4_Acc": 0.1590909090909091,
      "mechanism_Accuracy": 0.4431818181818182,
      "mechanism_F1": 0.40947547197947537,
      "label_Accuracy": 0.3068181818181818,
      "label_F1": 0.26920219592853867,
      "subject_Accuracy": 0.9318181818181818,
      "subject_F1": 0.7544256120527307,
      "target_Accuracy": 0.8295454545454546,
      "target_F1": 0.6885400313971742
    },
    "Arab Culture": {
      "Count": 2,
      "Strict_All4_Acc": 0.0,
      "mechanism_Accuracy": 1.0,
      "mechanism_F1": 1.0,
      "label_Accuracy": 0.0,
      "label_F1": 0.0,
      "subject_Accuracy": 0.5,
      "subject_F1": 0.3333333333333333,
      "target_Accuracy": 1.0,
      "target_F1": 1.0
    },
    "American Culture": {
      "Count": 1,
      "Strict_All4_Acc": 0.0,
      "mechanism_Accuracy": 1.0,
      "mechanism_F1": 1.0,
      "label_Accuracy": 0.0,
      "label_F1": 0.0,
      "subject_Accuracy": 1.0,
      "subject_F1": 1.0,
      "target_Accuracy": 1.0,
      "target_F1": 1.0
    },
    "Muslim Culture": {
      "Count": 1,
      "Strict_All4_Acc": 0.0,
      "mechanism_Accuracy": 1.0,
      "mechanism_F1": 1.0,
      "label_Accuracy": 0.0,
      "label_F1": 0.0,
      "subject_Accuracy": 1.0,
      "subject_F1": 1.0,
      "target_Accuracy": 1.0,
      "target_F1": 1.0
    },
    "African American Culture": {
      "Count": 1,
      "Strict_All4_Acc": 0.0,
      "mechanism_Accuracy": 0.0,
      "mechanism_F1": 0.0,
      "label_Accuracy": 0.0,
      "label_F1": 0.0,
      "subject_Accuracy": 1.0,
      "subject_F1": 1.0,
      "target_Accuracy": 0.0,
      "target_F1": 0.0
    },
    "Jewish Culture": {
      "Count": 1,
      "Strict_All4_Acc": 0.0,
      "mechanism_Accuracy": 1.0,
      "mechanism_F1": 1.0,
      "label_Accuracy": 0.0,
      "label_F1": 0.0,
      "subject_Accuracy": 0.0,
      "subject_F1": 0.0,
      "target_Accuracy": 1.0,
      "target_F1": 1.0
    },
    "Indian Culture": {
      "Count": 1,
      "Strict_All4_Acc": 0.0,
      "mechanism_Accuracy": 1.0,
      "mechanism_F1": 1.0,
      "label_Accuracy": 0.0,
      "label_F1": 0.0,
      "subject_Accuracy": 1.0,
      "subject_F1": 1.0,
      "target_Accuracy": 1.0,
      "target_F1": 1.0
    },
    "East Asian Culture": {
      "Count": 0
    }
  },
  "1. Overall (95 Successful Samples)": {
    "Count": 95,
    "Strict_All4_Acc": 0.14736842105263157,
    "mechanism_Accuracy": 0.47368421052631576,
    "mechanism_F1": 0.4391946747209905,
    "label_Accuracy": 0.28421052631578947,
    "label_F1": 0.2607629720902032,
    "subject_Accuracy": 0.9157894736842105,
    "subject_F1": 0.6948828311812529,
    "target_Accuracy": 0.8315789473684211,
    "target_F1": 0.6871870397643594
  },
  "0. Meta": {
    "input_file": "D:\\NUS\\ACMm\\Data-annotation\\Data\\data_exam\\Yu\\Yu_sample_100_exam.json",
    "successful_samples": 95
  }
}