{
  "method": "exam",
  "order": [
    "affection",
    "attitude",
    "intent",
    "overall"
  ],
  "columns": [
    "indep",
    "cond",
    "rel",
    "joint"
  ],
  "values_raw": {
    "affection": {
      "indep": 0.6574074074074073,
      "cond": 0.5833333333333334,
      "rel": 0.7037037037037037,
      "joint": 0.2222222222222222,
      "n": 27,
      "n_label_correct": 12,
      "indep_components": {
        "label": 0.4444444444444444,
        "subject": 0.8888888888888888,
        "target": 0.8148148148148148,
        "mechanism": 0.48148148148148145
      }
    },
    "attitude": {
      "indep": 0.7068965517241379,
      "cond": 0.6363636363636364,
      "rel": 0.8275862068965517,
      "joint": 0.20689655172413793,
      "n": 29,
      "n_label_correct": 11,
      "indep_components": {
        "label": 0.3793103448275862,
        "subject": 0.9310344827586207,
        "target": 0.8620689655172413,
        "mechanism": 0.6551724137931034
      }
    },
    "intent": {
      "indep": 0.5448717948717948,
      "cond": 0.5,
      "rel": 0.7692307692307693,
      "joint": 0.05128205128205128,
      "n": 39,
      "n_label_correct": 4,
      "indep_components": {
        "label": 0.10256410256410256,
        "subject": 0.9230769230769231,
        "target": 0.8205128205128205,
        "mechanism": 0.3333333333333333
      }
    },
    "overall": {
      "indep": 0.6263157894736842,
      "cond": 0.5925925925925926,
      "rel": 0.7684210526315789,
      "joint": 0.14736842105263157,
      "n": 95,
      "n_label_correct": 27,
      "indep_components": {
        "label": 0.28421052631578947,
        "subject": 0.9157894736842105,
        "target": 0.8315789473684211,
        "mechanism": 0.47368421052631576
      }
    }
  },
  "values_percent": {
    "affection": {
      "indep": 65.74,
      "cond": 58.33,
      "rel": 70.37,
      "joint": 22.22
    },
    "attitude": {
      "indep": 70.69,
      "cond": 63.64,
      "rel": 82.76,
      "joint": 20.69
    },
    "intent": {
      "indep": 54.49,
      "cond": 50.0,
      "rel": 76.92,
      "joint": 5.13
    },
    "overall": {
      "indep": 62.63,
      "cond": 59.26,
      "rel": 76.84,
      "joint": 14.74
    }
  }
}