{
  "2. By Scenario": {
    "affection": {
      "Count": 20,
      "Strict_All4_Acc": 0.05,
      "mechanism_Accuracy": 0.4,
      "mechanism_F1": 0.2916666666666667,
      "label_Accuracy": 0.45,
      "label_F1": 0.3181818181818181,
      "subject_Accuracy": 0.75,
      "subject_F1": 0.5652173913043478,
      "target_Accuracy": 0.8,
      "target_F1": 0.6666666666666666
    },
    "attitude": {
      "Count": 26,
      "Strict_All4_Acc": 0.11538461538461539,
      "mechanism_Accuracy": 0.6153846153846154,
      "mechanism_F1": 0.5601851851851852,
      "label_Accuracy": 0.34615384615384615,
      "label_F1": 0.3276190476190476,
      "subject_Accuracy": 0.8461538461538461,
      "subject_F1": 0.5691244239631337,
      "target_Accuracy": 0.7692307692307693,
      "target_F1": 0.6555555555555556
    },
    "intent": {
      "Count": 50,
      "Strict_All4_Acc": 0.18,
      "mechanism_Accuracy": 0.82,
      "mechanism_F1": 0.7286096256684491,
      "label_Accuracy": 0.36,
      "label_F1": 0.32259697357203754,
      "subject_Accuracy": 0.74,
      "subject_F1": 0.4501010101010101,
      "target_Accuracy": 0.88,
      "target_F1": 0.7777777777777778
    }
  },
  "3. By Domain": {
    "Online & Social Media": {
      "Count": 38,
      "Strict_All4_Acc": 0.10526315789473684,
      "mechanism_Accuracy": 0.7105263157894737,
      "mechanism_F1": 0.4487128962991032,
      "label_Accuracy": 0.3157894736842105,
      "label_F1": 0.24814814814814815,
      "subject_Accuracy": 0.7105263157894737,
      "subject_F1": 0.30769230769230765,
      "target_Accuracy": 0.8157894736842105,
      "target_F1": 0.6888888888888889
    },
    "Public & Service": {
      "Count": 16,
      "Strict_All4_Acc": 0.1875,
      "mechanism_Accuracy": 0.5625,
      "mechanism_F1": 0.303030303030303,
      "label_Accuracy": 0.5,
      "label_F1": 0.3854166666666667,
      "subject_Accuracy": 0.5625,
      "subject_F1": 0.31794871794871793,
      "target_Accuracy": 1.0,
      "target_F1": 1.0
    },
    "Workplace": {
      "Count": 16,
      "Strict_All4_Acc": 0.25,
      "mechanism_Accuracy": 0.875,
      "mechanism_F1": 0.6874236874236874,
      "label_Accuracy": 0.5625,
      "label_F1": 0.4808080808080808,
      "subject_Accuracy": 0.875,
      "subject_F1": 0.8359788359788359,
      "target_Accuracy": 0.8125,
      "target_F1": 0.6862745098039216
    },
    "Intimate Relationships": {
      "Count": 6,
      "Strict_All4_Acc": 0.0,
      "mechanism_Accuracy": 0.6666666666666666,
      "mechanism_F1": 0.5555555555555555,
      "label_Accuracy": 0.3333333333333333,
      "label_F1": 0.2222222222222222,
      "subject_Accuracy": 1.0,
      "subject_F1": 1.0,
      "target_Accuracy": 0.8333333333333334,
      "target_F1": 0.7142857142857143
    },
    "Family Conversations": {
      "Count": 15,
      "Strict_All4_Acc": 0.06666666666666667,
      "mechanism_Accuracy": 0.6,
      "mechanism_F1": 0.39404761904761904,
      "label_Accuracy": 0.26666666666666666,
      "label_F1": 0.1479591836734694,
      "subject_Accuracy": 0.9333333333333333,
      "subject_F1": 0.8653846153846154,
      "target_Accuracy": 0.8,
      "target_F1": 0.6666666666666666
    },
    "Friend Group": {
      "Count": 3,
      "Strict_All4_Acc": 0.0,
      "mechanism_Accuracy": 0.3333333333333333,
      "mechanism_F1": 0.25,
      "label_Accuracy": 0.0,
      "label_F1": 0.0,
      "subject_Accuracy": 0.6666666666666666,
      "subject_F1": 0.4,
      "target_Accuracy": 0.3333333333333333,
      "target_F1": 0.2
    },
    "Education & Campus": {
      "Count": 2,
      "Strict_All4_Acc": 0.5,
      "mechanism_Accuracy": 0.5,
      "mechanism_F1": 0.3333333333333333,
      "label_Accuracy": 0.5,
      "label_F1": 0.3333333333333333,
      "subject_Accuracy": 1.0,
      "subject_F1": 1.0,
      "target_Accuracy": 1.0,
      "target_F1": 1.0
    },
    "Friendship Interactions": {
      "Count": 0
    }
  },
  "4. By Culture": {
    "General Culture": {
      "Count": 90,
      "Strict_All4_Acc": 0.13333333333333333,
      "mechanism_Accuracy": 0.6666666666666666,
      "mechanism_F1": 0.5098671149822045,
      "label_Accuracy": 0.37777777777777777,
      "label_F1": 0.3133101783837078,
      "subject_Accuracy": 0.7777777777777778,
      "subject_F1": 0.5057118499573743,
      "target_Accuracy": 0.8222222222222222,
      "target_F1": 0.6986394557823129
    },
    "Arab Culture": {
      "Count": 2,
      "Strict_All4_Acc": 0.0,
      "mechanism_Accuracy": 1.0,
      "mechanism_F1": 1.0,
      "label_Accuracy": 0.0,
      "label_F1": 0.0,
      "subject_Accuracy": 1.0,
      "subject_F1": 1.0,
      "target_Accuracy": 1.0,
      "target_F1": 1.0
    },
    "American Culture": {
      "Count": 2,
      "Strict_All4_Acc": 0.0,
      "mechanism_Accuracy": 0.5,
      "mechanism_F1": 0.3333333333333333,
      "label_Accuracy": 0.5,
      "label_F1": 0.3333333333333333,
      "subject_Accuracy": 0.5,
      "subject_F1": 0.3333333333333333,
      "target_Accuracy": 1.0,
      "target_F1": 1.0
    },
    "Muslim Culture": {
      "Count": 0
    },
    "African American Culture": {
      "Count": 1,
      "Strict_All4_Acc": 1.0,
      "mechanism_Accuracy": 1.0,
      "mechanism_F1": 1.0,
      "label_Accuracy": 1.0,
      "label_F1": 1.0,
      "subject_Accuracy": 1.0,
      "subject_F1": 1.0,
      "target_Accuracy": 1.0,
      "target_F1": 1.0
    },
    "Jewish Culture": {
      "Count": 0
    },
    "Indian Culture": {
      "Count": 0
    },
    "East Asian Culture": {
      "Count": 1,
      "Strict_All4_Acc": 0.0,
      "mechanism_Accuracy": 1.0,
      "mechanism_F1": 1.0,
      "label_Accuracy": 0.0,
      "label_F1": 0.0,
      "subject_Accuracy": 0.0,
      "subject_F1": 0.0,
      "target_Accuracy": 1.0,
      "target_F1": 1.0
    }
  },
  "1. Overall (96 Successful Samples)": {
    "Count": 96,
    "Strict_All4_Acc": 0.13541666666666666,
    "mechanism_Accuracy": 0.6770833333333334,
    "mechanism_F1": 0.5087317366729132,
    "label_Accuracy": 0.375,
    "label_F1": 0.32358571557740357,
    "subject_Accuracy": 0.7708333333333334,
    "subject_F1": 0.4846330275229358,
    "target_Accuracy": 0.8333333333333334,
    "target_F1": 0.716025641025641
  },
  "0. Meta": {
    "input_file": "D:\\NUS\\ACMm\\Data-annotation\\Data\\data_exam\\Zuo\\Zuo_sample_100_exam.json",
    "successful_samples": 96
  }
}