{
  "method": "nus_evalfin_319_detail",
  "order": [
    "affection",
    "attitude",
    "intent",
    "overall"
  ],
  "columns": [
    "indep",
    "cond",
    "rel",
    "joint"
  ],
  "values_raw": {
    "affection": {
      "indep": 0.8058628318584071,
      "cond": 0.9342105263157895,
      "rel": 0.8694690265486725,
      "joint": 0.6238938053097345,
      "n": 452,
      "n_label_correct": 304,
      "indep_components": {
        "label": 0.672566371681416,
        "subject": 0.9314159292035398,
        "target": 0.911504424778761,
        "mechanism": 0.7079646017699115
      }
    },
    "attitude": {
      "indep": 0.8397703549060542,
      "cond": 0.9022346368715084,
      "rel": 0.872651356993737,
      "joint": 0.6576200417536534,
      "n": 479,
      "n_label_correct": 358,
      "indep_components": {
        "label": 0.7473903966597077,
        "subject": 0.9290187891440501,
        "target": 0.9311064718162839,
        "mechanism": 0.7515657620041754
      }
    },
    "intent": {
      "indep": 0.8224956063268892,
      "cond": 0.9839142091152815,
      "rel": 0.8453427065026362,
      "joint": 0.6449912126537786,
      "n": 569,
      "n_label_correct": 373,
      "indep_components": {
        "label": 0.655536028119508,
        "subject": 0.9138840070298769,
        "target": 0.9138840070298769,
        "mechanism": 0.8066783831282952
      }
    },
    "overall": {
      "indep": 0.823,
      "cond": 0.9410628019323671,
      "rel": 0.8613333333333333,
      "joint": 0.6426666666666667,
      "n": 1500,
      "n_label_correct": 1035,
      "indep_components": {
        "label": 0.69,
        "subject": 0.924,
        "target": 0.9186666666666666,
        "mechanism": 0.7593333333333333
      }
    }
  },
  "values_percent": {
    "affection": {
      "indep": 80.59,
      "cond": 93.42,
      "rel": 86.95,
      "joint": 62.39
    },
    "attitude": {
      "indep": 83.98,
      "cond": 90.22,
      "rel": 87.27,
      "joint": 65.76
    },
    "intent": {
      "indep": 82.25,
      "cond": 98.39,
      "rel": 84.53,
      "joint": 64.5
    },
    "overall": {
      "indep": 82.3,
      "cond": 94.11,
      "rel": 86.13,
      "joint": 64.27
    }
  }
}