{
  "method": "nus_evalfin_319_detail",
  "order": [
    "affection",
    "attitude",
    "intent",
    "overall"
  ],
  "columns": [
    "indep",
    "cond",
    "rel",
    "joint"
  ],
  "values_raw": {
    "affection": {
      "indep": 0.7748893805309734,
      "cond": 0.8475177304964538,
      "rel": 0.8119469026548672,
      "joint": 0.5,
      "n": 452,
      "n_label_correct": 282,
      "indep_components": {
        "label": 0.6238938053097345,
        "subject": 0.8960176991150443,
        "target": 0.8915929203539823,
        "mechanism": 0.6880530973451328
      }
    },
    "attitude": {
      "indep": 0.8016701461377871,
      "cond": 0.8338192419825073,
      "rel": 0.8100208768267223,
      "joint": 0.5553235908141962,
      "n": 479,
      "n_label_correct": 343,
      "indep_components": {
        "label": 0.7160751565762005,
        "subject": 0.8935281837160751,
        "target": 0.8935281837160751,
        "mechanism": 0.7035490605427975
      }
    },
    "intent": {
      "indep": 0.7662565905096661,
      "cond": 0.8477611940298507,
      "rel": 0.81195079086116,
      "joint": 0.4991212653778559,
      "n": 569,
      "n_label_correct": 335,
      "indep_components": {
        "label": 0.5887521968365553,
        "subject": 0.875219683655536,
        "target": 0.9121265377855887,
        "mechanism": 0.6889279437609842
      }
    },
    "overall": {
      "indep": 0.7801666666666667,
      "cond": 0.8427083333333333,
      "rel": 0.8113333333333334,
      "joint": 0.5173333333333333,
      "n": 1500,
      "n_label_correct": 960,
      "indep_components": {
        "label": 0.64,
        "subject": 0.8873333333333333,
        "target": 0.9,
        "mechanism": 0.6933333333333334
      }
    }
  },
  "values_percent": {
    "affection": {
      "indep": 77.49,
      "cond": 84.75,
      "rel": 81.19,
      "joint": 50.0
    },
    "attitude": {
      "indep": 80.17,
      "cond": 83.38,
      "rel": 81.0,
      "joint": 55.53
    },
    "intent": {
      "indep": 76.63,
      "cond": 84.78,
      "rel": 81.2,
      "joint": 49.91
    },
    "overall": {
      "indep": 78.02,
      "cond": 84.27,
      "rel": 81.13,
      "joint": 51.73
    }
  }
}