{
  "method": "nus_evalfin_319_detail",
  "order": [
    "affection",
    "attitude",
    "intent",
    "overall"
  ],
  "columns": [
    "indep",
    "cond",
    "rel",
    "joint"
  ],
  "values_raw": {
    "affection": {
      "indep": 0.7970132743362832,
      "cond": 0.9263157894736842,
      "rel": 0.8451327433628318,
      "joint": 0.5619469026548672,
      "n": 452,
      "n_label_correct": 285,
      "indep_components": {
        "label": 0.6305309734513275,
        "subject": 0.9203539823008849,
        "target": 0.9048672566371682,
        "mechanism": 0.7323008849557522
      }
    },
    "attitude": {
      "indep": 0.8230688935281838,
      "cond": 0.8342857142857143,
      "rel": 0.824634655532359,
      "joint": 0.5511482254697286,
      "n": 479,
      "n_label_correct": 350,
      "indep_components": {
        "label": 0.7306889352818372,
        "subject": 0.8872651356993737,
        "target": 0.9290187891440501,
        "mechanism": 0.7453027139874739
      }
    },
    "intent": {
      "indep": 0.7653778558875219,
      "cond": 0.9113924050632911,
      "rel": 0.81195079086116,
      "joint": 0.4797891036906854,
      "n": 569,
      "n_label_correct": 316,
      "indep_components": {
        "label": 0.5553602811950791,
        "subject": 0.8769771528998243,
        "target": 0.9156414762741653,
        "mechanism": 0.7135325131810193
      }
    },
    "overall": {
      "indep": 0.7933333333333333,
      "cond": 0.8874868559411146,
      "rel": 0.826,
      "joint": 0.5273333333333333,
      "n": 1500,
      "n_label_correct": 951,
      "indep_components": {
        "label": 0.634,
        "subject": 0.8933333333333333,
        "target": 0.9166666666666666,
        "mechanism": 0.7293333333333333
      }
    }
  },
  "values_percent": {
    "affection": {
      "indep": 79.7,
      "cond": 92.63,
      "rel": 84.51,
      "joint": 56.19
    },
    "attitude": {
      "indep": 82.31,
      "cond": 83.43,
      "rel": 82.46,
      "joint": 55.11
    },
    "intent": {
      "indep": 76.54,
      "cond": 91.14,
      "rel": 81.2,
      "joint": 47.98
    },
    "overall": {
      "indep": 79.33,
      "cond": 88.75,
      "rel": 82.6,
      "joint": 52.73
    }
  }
}