{
  "method": "nus_evalfin_319_detail",
  "order": [
    "affection",
    "attitude",
    "intent",
    "overall"
  ],
  "columns": [
    "indep",
    "cond",
    "rel",
    "joint"
  ],
  "values_raw": {
    "affection": {
      "indep": 0.7732300884955752,
      "cond": 0.7401315789473685,
      "rel": 0.8694690265486725,
      "joint": 0.497787610619469,
      "n": 452,
      "n_label_correct": 304,
      "indep_components": {
        "label": 0.672566371681416,
        "subject": 0.9314159292035398,
        "target": 0.911504424778761,
        "mechanism": 0.577433628318584
      }
    },
    "attitude": {
      "indep": 0.8246346555323592,
      "cond": 0.8212290502793296,
      "rel": 0.872651356993737,
      "joint": 0.6137787056367432,
      "n": 479,
      "n_label_correct": 358,
      "indep_components": {
        "label": 0.7473903966597077,
        "subject": 0.9290187891440501,
        "target": 0.9311064718162839,
        "mechanism": 0.6910229645093946
      }
    },
    "intent": {
      "indep": 0.8005272407732864,
      "cond": 0.8498659517426274,
      "rel": 0.8453427065026362,
      "joint": 0.5571177504393673,
      "n": 569,
      "n_label_correct": 373,
      "indep_components": {
        "label": 0.655536028119508,
        "subject": 0.9138840070298769,
        "target": 0.9138840070298769,
        "mechanism": 0.718804920913884
      }
    },
    "overall": {
      "indep": 0.8,
      "cond": 0.8077294685990338,
      "rel": 0.8613333333333333,
      "joint": 0.5573333333333333,
      "n": 1500,
      "n_label_correct": 1035,
      "indep_components": {
        "label": 0.69,
        "subject": 0.924,
        "target": 0.9186666666666666,
        "mechanism": 0.6673333333333333
      }
    }
  },
  "values_percent": {
    "affection": {
      "indep": 77.32,
      "cond": 74.01,
      "rel": 86.95,
      "joint": 49.78
    },
    "attitude": {
      "indep": 82.46,
      "cond": 82.12,
      "rel": 87.27,
      "joint": 61.38
    },
    "intent": {
      "indep": 80.05,
      "cond": 84.99,
      "rel": 84.53,
      "joint": 55.71
    },
    "overall": {
      "indep": 80.0,
      "cond": 80.77,
      "rel": 86.13,
      "joint": 55.73
    }
  }
}