{
  "input_file": "D:\\NUS\\ACMm\\Data-annotation\\Data\\data_exam\\simulated_stats\\sim_detail_after100shot_dataset319_dist_v7_allreq.json",
  "total_records": 1500,
  "formula_note": {
    "independent_accuracy": "Acc_y for y in {Label, Subject, Target, Mechanism}",
    "table_indep": "Indep = mean(Acc_Label, Acc_Subject, Acc_Target, Acc_Mechanism)",
    "conditional_accuracy": "Acc_M|L = P(Mechanism correct | Label correct)",
    "relational_alignment": "Acc_S^T = P(Subject and Target both correct)",
    "joint_accuracy": "Acc_Joint = P(Label, Subject, Target, Mechanism all correct)"
  },
  "overall": {
    "N": 1500,
    "independent_accuracy": {
      "label": 0.7886666666666666,
      "subject": 0.9093333333333333,
      "target": 0.9133333333333333,
      "mechanism": 0.7833333333333333
    },
    "conditional_accuracy": {
      "mechanism_given_label": 0.8284023668639053,
      "denominator_label_correct": 1183
    },
    "relational_alignment": 0.8226666666666667,
    "joint_accuracy": 0.65
  },
  "by_scenario": {
    "affection": {
      "N": 452,
      "independent_accuracy": {
        "label": 0.8008849557522124,
        "subject": 0.9092920353982301,
        "target": 0.9004424778761062,
        "mechanism": 0.7389380530973452
      },
      "conditional_accuracy": {
        "mechanism_given_label": 0.8011049723756906,
        "denominator_label_correct": 362
      },
      "relational_alignment": 0.8097345132743363,
      "joint_accuracy": 0.6393805309734514
    },
    "attitude": {
      "N": 479,
      "independent_accuracy": {
        "label": 0.7995824634655533,
        "subject": 0.9206680584551148,
        "target": 0.9290187891440501,
        "mechanism": 0.7807933194154488
      },
      "conditional_accuracy": {
        "mechanism_given_label": 0.8302872062663186,
        "denominator_label_correct": 383
      },
      "relational_alignment": 0.8496868475991649,
      "joint_accuracy": 0.6597077244258872
    },
    "intent": {
      "N": 569,
      "independent_accuracy": {
        "label": 0.7697715289982425,
        "subject": 0.8998242530755711,
        "target": 0.9103690685413005,
        "mechanism": 0.820738137082601
      },
      "conditional_accuracy": {
        "mechanism_given_label": 0.8493150684931506,
        "denominator_label_correct": 438
      },
      "relational_alignment": 0.8101933216168717,
      "joint_accuracy": 0.6502636203866432
    }
  },
  "table_ready": {
    "method": "nus_evalfin_319_detail",
    "order": [
      "affection",
      "attitude",
      "intent",
      "overall"
    ],
    "columns": [
      "indep",
      "cond",
      "rel",
      "joint"
    ],
    "values_raw": {
      "affection": {
        "indep": 0.8373893805309734,
        "cond": 0.8011049723756906,
        "rel": 0.8097345132743363,
        "joint": 0.6393805309734514,
        "n": 452,
        "n_label_correct": 362,
        "indep_components": {
          "label": 0.8008849557522124,
          "subject": 0.9092920353982301,
          "target": 0.9004424778761062,
          "mechanism": 0.7389380530973452
        }
      },
      "attitude": {
        "indep": 0.8575156576200418,
        "cond": 0.8302872062663186,
        "rel": 0.8496868475991649,
        "joint": 0.6597077244258872,
        "n": 479,
        "n_label_correct": 383,
        "indep_components": {
          "label": 0.7995824634655533,
          "subject": 0.9206680584551148,
          "target": 0.9290187891440501,
          "mechanism": 0.7807933194154488
        }
      },
      "intent": {
        "indep": 0.8501757469244288,
        "cond": 0.8493150684931506,
        "rel": 0.8101933216168717,
        "joint": 0.6502636203866432,
        "n": 569,
        "n_label_correct": 438,
        "indep_components": {
          "label": 0.7697715289982425,
          "subject": 0.8998242530755711,
          "target": 0.9103690685413005,
          "mechanism": 0.820738137082601
        }
      },
      "overall": {
        "indep": 0.8486666666666667,
        "cond": 0.8284023668639053,
        "rel": 0.8226666666666667,
        "joint": 0.65,
        "n": 1500,
        "n_label_correct": 1183,
        "indep_components": {
          "label": 0.7886666666666666,
          "subject": 0.9093333333333333,
          "target": 0.9133333333333333,
          "mechanism": 0.7833333333333333
        }
      }
    },
    "values_percent": {
      "affection": {
        "indep": 83.74,
        "cond": 80.11,
        "rel": 80.97,
        "joint": 63.94
      },
      "attitude": {
        "indep": 85.75,
        "cond": 83.03,
        "rel": 84.97,
        "joint": 65.97
      },
      "intent": {
        "indep": 85.02,
        "cond": 84.93,
        "rel": 81.02,
        "joint": 65.03
      },
      "overall": {
        "indep": 84.87,
        "cond": 82.84,
        "rel": 82.27,
        "joint": 65.0
      }
    }
  }
}